page_url,link_text,external_url
https://www.fencewizards.com/,★★★★★ 4.6 from 39 Google reviews,https://share.google/i9AcVkwA7IiM7xEJh
https://www.fencewizards.com/,4.6 from 39 Google reviews,https://share.google/i9AcVkwA7IiM7xEJh
https://www.fencewizards.com/,Price it yourself,https://fencewizards.mybudgetquote.com/budget
https://www.fencewizards.com/,draw the fence on a map,https://fencewizards.mybudgetquote.com/budget
https://www.fencewizards.com/,Read the reviews on Google,https://share.google/i9AcVkwA7IiM7xEJh
https://www.fencewizards.com/,Find us on Google Maps,https://www.google.com/maps/search/?api=1&query=Fence+Wizards+Rent+A+Fence+Greenwood+IN
https://www.fencewizards.com/construction-fencing/,★★★★★ 4.6 from 39 Google reviews,https://share.google/i9AcVkwA7IiM7xEJh
https://www.fencewizards.com/construction-fencing/,4.6 from 39 Google reviews,https://share.google/i9AcVkwA7IiM7xEJh
https://www.fencewizards.com/construction-fencing/,draw the fence on a map,https://fencewizards.mybudgetquote.com/budget
https://www.fencewizards.com/construction-fencing/,Find us on Google Maps,https://www.google.com/maps/search/?api=1&query=Fence+Wizards+Rent+A+Fence+Greenwood+IN
https://www.fencewizards.com/event-fencing/,★★★★★ 4.6 from 39 Google reviews,https://share.google/i9AcVkwA7IiM7xEJh
https://www.fencewizards.com/event-fencing/,4.6 from 39 Google reviews,https://share.google/i9AcVkwA7IiM7xEJh
https://www.fencewizards.com/event-fencing/,draw the fence on a map,https://fencewizards.mybudgetquote.com/budget
https://www.fencewizards.com/event-fencing/,Find us on Google Maps,https://www.google.com/maps/search/?api=1&query=Fence+Wizards+Rent+A+Fence+Greenwood+IN
https://www.fencewizards.com/emergency-fencing/,★★★★★ 4.6 from 39 Google reviews,https://share.google/i9AcVkwA7IiM7xEJh
https://www.fencewizards.com/emergency-fencing/,4.6 from 39 Google reviews,https://share.google/i9AcVkwA7IiM7xEJh
https://www.fencewizards.com/emergency-fencing/,draw the fence on a map,https://fencewizards.mybudgetquote.com/budget
https://www.fencewizards.com/emergency-fencing/,Find us on Google Maps,https://www.google.com/maps/search/?api=1&query=Fence+Wizards+Rent+A+Fence+Greenwood+IN
https://www.fencewizards.com/fence/panels-and-stands/,★★★★★ 4.6 from 39 Google reviews,https://share.google/i9AcVkwA7IiM7xEJh
https://www.fencewizards.com/fence/panels-and-stands/,4.6 from 39 Google reviews,https://share.google/i9AcVkwA7IiM7xEJh
https://www.fencewizards.com/fence/panels-and-stands/,Open the pricing tool,https://fencewizards.mybudgetquote.com/budget
https://www.fencewizards.com/fence/panels-and-stands/,draw the fence on a map,https://fencewizards.mybudgetquote.com/budget
https://www.fencewizards.com/fence/panels-and-stands/,Find us on Google Maps,https://www.google.com/maps/search/?api=1&query=Fence+Wizards+Rent+A+Fence+Greenwood+IN
https://www.fencewizards.com/fence/post-driven-chain-link/,★★★★★ 4.6 from 39 Google reviews,https://share.google/i9AcVkwA7IiM7xEJh
https://www.fencewizards.com/fence/post-driven-chain-link/,4.6 from 39 Google reviews,https://share.google/i9AcVkwA7IiM7xEJh
https://www.fencewizards.com/fence/post-driven-chain-link/,Open the pricing tool,https://fencewizards.mybudgetquote.com/budget
https://www.fencewizards.com/fence/post-driven-chain-link/,draw the fence on a map,https://fencewizards.mybudgetquote.com/budget
https://www.fencewizards.com/fence/post-driven-chain-link/,Find us on Google Maps,https://www.google.com/maps/search/?api=1&query=Fence+Wizards+Rent+A+Fence+Greenwood+IN
https://www.fencewizards.com/fence/windscreen/,★★★★★ 4.6 from 39 Google reviews,https://share.google/i9AcVkwA7IiM7xEJh
https://www.fencewizards.com/fence/windscreen/,4.6 from 39 Google reviews,https://share.google/i9AcVkwA7IiM7xEJh
https://www.fencewizards.com/fence/windscreen/,Open the pricing tool,https://fencewizards.mybudgetquote.com/budget
https://www.fencewizards.com/fence/windscreen/,draw the fence on a map,https://fencewizards.mybudgetquote.com/budget
https://www.fencewizards.com/fence/windscreen/,Find us on Google Maps,https://www.google.com/maps/search/?api=1&query=Fence+Wizards+Rent+A+Fence+Greenwood+IN
https://www.fencewizards.com/fence/barricades/,★★★★★ 4.6 from 39 Google reviews,https://share.google/i9AcVkwA7IiM7xEJh
https://www.fencewizards.com/fence/barricades/,4.6 from 39 Google reviews,https://share.google/i9AcVkwA7IiM7xEJh
https://www.fencewizards.com/fence/barricades/,Open the pricing tool,https://fencewizards.mybudgetquote.com/budget
https://www.fencewizards.com/fence/barricades/,draw the fence on a map,https://fencewizards.mybudgetquote.com/budget
https://www.fencewizards.com/fence/barricades/,Find us on Google Maps,https://www.google.com/maps/search/?api=1&query=Fence+Wizards+Rent+A+Fence+Greenwood+IN
https://www.fencewizards.com/pricing/,★★★★★ 4.6 from 39 Google reviews,https://share.google/i9AcVkwA7IiM7xEJh
https://www.fencewizards.com/pricing/,4.6 from 39 Google reviews,https://share.google/i9AcVkwA7IiM7xEJh
https://www.fencewizards.com/pricing/,Open the pricing tool,https://fencewizards.mybudgetquote.com/budget
https://www.fencewizards.com/pricing/,draw the fence on a map,https://fencewizards.mybudgetquote.com/budget
https://www.fencewizards.com/pricing/,Find us on Google Maps,https://www.google.com/maps/search/?api=1&query=Fence+Wizards+Rent+A+Fence+Greenwood+IN
https://www.fencewizards.com/about/,★★★★★ 4.6 from 39 Google reviews,https://share.google/i9AcVkwA7IiM7xEJh
https://www.fencewizards.com/about/,4.6 from 39 Google reviews,https://share.google/i9AcVkwA7IiM7xEJh
https://www.fencewizards.com/about/,draw the fence on a map,https://fencewizards.mybudgetquote.com/budget
https://www.fencewizards.com/about/,Find us on Google Maps,https://www.google.com/maps/search/?api=1&query=Fence+Wizards+Rent+A+Fence+Greenwood+IN
https://www.fencewizards.com/faq/,★★★★★ 4.6 from 39 Google reviews,https://share.google/i9AcVkwA7IiM7xEJh
https://www.fencewizards.com/faq/,4.6 from 39 Google reviews,https://share.google/i9AcVkwA7IiM7xEJh
https://www.fencewizards.com/faq/,draw the fence on a map,https://fencewizards.mybudgetquote.com/budget
https://www.fencewizards.com/faq/,Find us on Google Maps,https://www.google.com/maps/search/?api=1&query=Fence+Wizards+Rent+A+Fence+Greenwood+IN
https://www.fencewizards.com/contact/,★★★★★ 4.6 from 39 Google reviews,https://share.google/i9AcVkwA7IiM7xEJh
https://www.fencewizards.com/contact/,4.6 from 39 Google reviews,https://share.google/i9AcVkwA7IiM7xEJh
https://www.fencewizards.com/contact/,Open the pricing tool,https://fencewizards.mybudgetquote.com/budget
https://www.fencewizards.com/contact/,4.6 from 39 reviews,https://share.google/i9AcVkwA7IiM7xEJh
https://www.fencewizards.com/contact/,Open in Google Maps,https://www.google.com/maps/search/?api=1&query=Fence+Wizards+Rent+A+Fence+Greenwood+IN
https://www.fencewizards.com/contact/,draw the fence on a map,https://fencewizards.mybudgetquote.com/budget
https://www.fencewizards.com/contact/,Find us on Google Maps,https://www.google.com/maps/search/?api=1&query=Fence+Wizards+Rent+A+Fence+Greenwood+IN
https://www.fencewizards.com/service-area/,★★★★★ 4.6 from 39 Google reviews,https://share.google/i9AcVkwA7IiM7xEJh
https://www.fencewizards.com/service-area/,4.6 from 39 Google reviews,https://share.google/i9AcVkwA7IiM7xEJh
https://www.fencewizards.com/service-area/,4.6 from 39 reviews,https://share.google/i9AcVkwA7IiM7xEJh
https://www.fencewizards.com/service-area/,Open in Google Maps,https://www.google.com/maps/search/?api=1&query=Fence+Wizards+Rent+A+Fence+Greenwood+IN
https://www.fencewizards.com/service-area/,draw the fence on a map,https://fencewizards.mybudgetquote.com/budget
https://www.fencewizards.com/service-area/,Find us on Google Maps,https://www.google.com/maps/search/?api=1&query=Fence+Wizards+Rent+A+Fence+Greenwood+IN
https://www.fencewizards.com/blog/,★★★★★ 4.6 from 39 Google reviews,https://share.google/i9AcVkwA7IiM7xEJh
https://www.fencewizards.com/blog/,4.6 from 39 Google reviews,https://share.google/i9AcVkwA7IiM7xEJh
https://www.fencewizards.com/blog/,Find us on Google Maps,https://www.google.com/maps/search/?api=1&query=Fence+Wizards+Rent+A+Fence+Greenwood+IN
https://www.fencewizards.com/blog/how-a-temporary-fence-rental-works/,★★★★★ 4.6 from 39 Google reviews,https://share.google/i9AcVkwA7IiM7xEJh
https://www.fencewizards.com/blog/how-a-temporary-fence-rental-works/,4.6 from 39 Google reviews,https://share.google/i9AcVkwA7IiM7xEJh
https://www.fencewizards.com/blog/how-a-temporary-fence-rental-works/,self-serve quote tool,https://fencewizards.mybudgetquote.com/budget
https://www.fencewizards.com/blog/how-a-temporary-fence-rental-works/,Find us on Google Maps,https://www.google.com/maps/search/?api=1&query=Fence+Wizards+Rent+A+Fence+Greenwood+IN
https://www.fencewizards.com/service-area/indianapolis/,★★★★★ 4.6 from 39 Google reviews,https://share.google/i9AcVkwA7IiM7xEJh
https://www.fencewizards.com/service-area/indianapolis/,4.6 from 39 Google reviews,https://share.google/i9AcVkwA7IiM7xEJh
https://www.fencewizards.com/service-area/indianapolis/,indy.gov,https://www.indy.gov/
https://www.fencewizards.com/service-area/indianapolis/,draw the fence on a map,https://fencewizards.mybudgetquote.com/budget
https://www.fencewizards.com/service-area/indianapolis/,Find us on Google Maps,https://www.google.com/maps/search/?api=1&query=Fence+Wizards+Rent+A+Fence+Greenwood+IN
https://www.fencewizards.com/service-area/greenwood/,★★★★★ 4.6 from 39 Google reviews,https://share.google/i9AcVkwA7IiM7xEJh
https://www.fencewizards.com/service-area/greenwood/,4.6 from 39 Google reviews,https://share.google/i9AcVkwA7IiM7xEJh
https://www.fencewizards.com/service-area/greenwood/,greenwood.in.gov,https://greenwood.in.gov/
https://www.fencewizards.com/service-area/greenwood/,draw the fence on a map,https://fencewizards.mybudgetquote.com/budget
https://www.fencewizards.com/service-area/greenwood/,Find us on Google Maps,https://www.google.com/maps/search/?api=1&query=Fence+Wizards+Rent+A+Fence+Greenwood+IN
https://www.fencewizards.com/service-area/carmel/,★★★★★ 4.6 from 39 Google reviews,https://share.google/i9AcVkwA7IiM7xEJh
https://www.fencewizards.com/service-area/carmel/,4.6 from 39 Google reviews,https://share.google/i9AcVkwA7IiM7xEJh
https://www.fencewizards.com/service-area/carmel/,carmel.in.gov,https://www.carmel.in.gov/
https://www.fencewizards.com/service-area/carmel/,draw the fence on a map,https://fencewizards.mybudgetquote.com/budget
https://www.fencewizards.com/service-area/carmel/,Find us on Google Maps,https://www.google.com/maps/search/?api=1&query=Fence+Wizards+Rent+A+Fence+Greenwood+IN
https://www.fencewizards.com/service-area/fishers/,★★★★★ 4.6 from 39 Google reviews,https://share.google/i9AcVkwA7IiM7xEJh
https://www.fencewizards.com/service-area/fishers/,4.6 from 39 Google reviews,https://share.google/i9AcVkwA7IiM7xEJh
https://www.fencewizards.com/service-area/fishers/,fishersin.gov,https://fishersin.gov/
https://www.fencewizards.com/service-area/fishers/,draw the fence on a map,https://fencewizards.mybudgetquote.com/budget
https://www.fencewizards.com/service-area/fishers/,Find us on Google Maps,https://www.google.com/maps/search/?api=1&query=Fence+Wizards+Rent+A+Fence+Greenwood+IN
https://www.fencewizards.com/service-area/noblesville/,★★★★★ 4.6 from 39 Google reviews,https://share.google/i9AcVkwA7IiM7xEJh
https://www.fencewizards.com/service-area/noblesville/,4.6 from 39 Google reviews,https://share.google/i9AcVkwA7IiM7xEJh
https://www.fencewizards.com/service-area/noblesville/,noblesville.in.gov,https://www.noblesville.in.gov/
https://www.fencewizards.com/service-area/noblesville/,draw the fence on a map,https://fencewizards.mybudgetquote.com/budget
https://www.fencewizards.com/service-area/noblesville/,Find us on Google Maps,https://www.google.com/maps/search/?api=1&query=Fence+Wizards+Rent+A+Fence+Greenwood+IN
https://www.fencewizards.com/service-area/westfield/,★★★★★ 4.6 from 39 Google reviews,https://share.google/i9AcVkwA7IiM7xEJh
https://www.fencewizards.com/service-area/westfield/,4.6 from 39 Google reviews,https://share.google/i9AcVkwA7IiM7xEJh
https://www.fencewizards.com/service-area/westfield/,westfield.in.gov,https://www.westfield.in.gov/
https://www.fencewizards.com/service-area/westfield/,draw the fence on a map,https://fencewizards.mybudgetquote.com/budget
https://www.fencewizards.com/service-area/westfield/,Find us on Google Maps,https://www.google.com/maps/search/?api=1&query=Fence+Wizards+Rent+A+Fence+Greenwood+IN
https://www.fencewizards.com/service-area/zionsville/,★★★★★ 4.6 from 39 Google reviews,https://share.google/i9AcVkwA7IiM7xEJh
https://www.fencewizards.com/service-area/zionsville/,4.6 from 39 Google reviews,https://share.google/i9AcVkwA7IiM7xEJh
https://www.fencewizards.com/service-area/zionsville/,zionsville-in.gov,https://www.zionsville-in.gov/
https://www.fencewizards.com/service-area/zionsville/,draw the fence on a map,https://fencewizards.mybudgetquote.com/budget
https://www.fencewizards.com/service-area/zionsville/,Find us on Google Maps,https://www.google.com/maps/search/?api=1&query=Fence+Wizards+Rent+A+Fence+Greenwood+IN
https://www.fencewizards.com/service-area/speedway/,★★★★★ 4.6 from 39 Google reviews,https://share.google/i9AcVkwA7IiM7xEJh
https://www.fencewizards.com/service-area/speedway/,4.6 from 39 Google reviews,https://share.google/i9AcVkwA7IiM7xEJh
https://www.fencewizards.com/service-area/speedway/,speedwayin.gov,https://www.speedwayin.gov/
https://www.fencewizards.com/service-area/speedway/,draw the fence on a map,https://fencewizards.mybudgetquote.com/budget
https://www.fencewizards.com/service-area/speedway/,Find us on Google Maps,https://www.google.com/maps/search/?api=1&query=Fence+Wizards+Rent+A+Fence+Greenwood+IN
https://www.fencewizards.com/service-area/plainfield/,★★★★★ 4.6 from 39 Google reviews,https://share.google/i9AcVkwA7IiM7xEJh
https://www.fencewizards.com/service-area/plainfield/,4.6 from 39 Google reviews,https://share.google/i9AcVkwA7IiM7xEJh
https://www.fencewizards.com/service-area/plainfield/,town.plainfield.in.us,https://www.town.plainfield.in.us/
https://www.fencewizards.com/service-area/plainfield/,draw the fence on a map,https://fencewizards.mybudgetquote.com/budget
https://www.fencewizards.com/service-area/plainfield/,Find us on Google Maps,https://www.google.com/maps/search/?api=1&query=Fence+Wizards+Rent+A+Fence+Greenwood+IN
https://www.fencewizards.com/service-area/avon/,★★★★★ 4.6 from 39 Google reviews,https://share.google/i9AcVkwA7IiM7xEJh
https://www.fencewizards.com/service-area/avon/,4.6 from 39 Google reviews,https://share.google/i9AcVkwA7IiM7xEJh
https://www.fencewizards.com/service-area/avon/,avongov.org,https://www.avongov.org/
https://www.fencewizards.com/service-area/avon/,draw the fence on a map,https://fencewizards.mybudgetquote.com/budget
https://www.fencewizards.com/service-area/avon/,Find us on Google Maps,https://www.google.com/maps/search/?api=1&query=Fence+Wizards+Rent+A+Fence+Greenwood+IN
https://www.fencewizards.com/service-area/brownsburg/,★★★★★ 4.6 from 39 Google reviews,https://share.google/i9AcVkwA7IiM7xEJh
https://www.fencewizards.com/service-area/brownsburg/,4.6 from 39 Google reviews,https://share.google/i9AcVkwA7IiM7xEJh
https://www.fencewizards.com/service-area/brownsburg/,brownsburg.org,https://www.brownsburg.org/
https://www.fencewizards.com/service-area/brownsburg/,draw the fence on a map,https://fencewizards.mybudgetquote.com/budget
https://www.fencewizards.com/service-area/brownsburg/,Find us on Google Maps,https://www.google.com/maps/search/?api=1&query=Fence+Wizards+Rent+A+Fence+Greenwood+IN
https://www.fencewizards.com/service-area/franklin/,★★★★★ 4.6 from 39 Google reviews,https://share.google/i9AcVkwA7IiM7xEJh
https://www.fencewizards.com/service-area/franklin/,4.6 from 39 Google reviews,https://share.google/i9AcVkwA7IiM7xEJh
https://www.fencewizards.com/service-area/franklin/,franklin.in.gov,https://www.franklin.in.gov/
https://www.fencewizards.com/service-area/franklin/,draw the fence on a map,https://fencewizards.mybudgetquote.com/budget
https://www.fencewizards.com/service-area/franklin/,Find us on Google Maps,https://www.google.com/maps/search/?api=1&query=Fence+Wizards+Rent+A+Fence+Greenwood+IN
https://www.fencewizards.com/service-area/columbus/,★★★★★ 4.6 from 39 Google reviews,https://share.google/i9AcVkwA7IiM7xEJh
https://www.fencewizards.com/service-area/columbus/,4.6 from 39 Google reviews,https://share.google/i9AcVkwA7IiM7xEJh
https://www.fencewizards.com/service-area/columbus/,columbus.in.gov,https://www.columbus.in.gov/
https://www.fencewizards.com/service-area/columbus/,draw the fence on a map,https://fencewizards.mybudgetquote.com/budget
https://www.fencewizards.com/service-area/columbus/,Find us on Google Maps,https://www.google.com/maps/search/?api=1&query=Fence+Wizards+Rent+A+Fence+Greenwood+IN
https://www.fencewizards.com/service-area/bloomington/,★★★★★ 4.6 from 39 Google reviews,https://share.google/i9AcVkwA7IiM7xEJh
https://www.fencewizards.com/service-area/bloomington/,4.6 from 39 Google reviews,https://share.google/i9AcVkwA7IiM7xEJh
https://www.fencewizards.com/service-area/bloomington/,bloomington.in.gov,https://bloomington.in.gov/
https://www.fencewizards.com/service-area/bloomington/,draw the fence on a map,https://fencewizards.mybudgetquote.com/budget
https://www.fencewizards.com/service-area/bloomington/,Find us on Google Maps,https://www.google.com/maps/search/?api=1&query=Fence+Wizards+Rent+A+Fence+Greenwood+IN
https://www.fencewizards.com/service-area/lafayette/,★★★★★ 4.6 from 39 Google reviews,https://share.google/i9AcVkwA7IiM7xEJh
https://www.fencewizards.com/service-area/lafayette/,4.6 from 39 Google reviews,https://share.google/i9AcVkwA7IiM7xEJh
https://www.fencewizards.com/service-area/lafayette/,lafayette.in.gov,https://www.lafayette.in.gov/
https://www.fencewizards.com/service-area/lafayette/,draw the fence on a map,https://fencewizards.mybudgetquote.com/budget
https://www.fencewizards.com/service-area/lafayette/,Find us on Google Maps,https://www.google.com/maps/search/?api=1&query=Fence+Wizards+Rent+A+Fence+Greenwood+IN
https://www.fencewizards.com/service-area/muncie/,★★★★★ 4.6 from 39 Google reviews,https://share.google/i9AcVkwA7IiM7xEJh
https://www.fencewizards.com/service-area/muncie/,4.6 from 39 Google reviews,https://share.google/i9AcVkwA7IiM7xEJh
https://www.fencewizards.com/service-area/muncie/,cityofmuncie.com,https://www.cityofmuncie.com/
https://www.fencewizards.com/service-area/muncie/,draw the fence on a map,https://fencewizards.mybudgetquote.com/budget
https://www.fencewizards.com/service-area/muncie/,Find us on Google Maps,https://www.google.com/maps/search/?api=1&query=Fence+Wizards+Rent+A+Fence+Greenwood+IN
https://www.fencewizards.com/service-area/anderson/,★★★★★ 4.6 from 39 Google reviews,https://share.google/i9AcVkwA7IiM7xEJh
https://www.fencewizards.com/service-area/anderson/,4.6 from 39 Google reviews,https://share.google/i9AcVkwA7IiM7xEJh
https://www.fencewizards.com/service-area/anderson/,cityofanderson.com,https://www.cityofanderson.com/
https://www.fencewizards.com/service-area/anderson/,draw the fence on a map,https://fencewizards.mybudgetquote.com/budget
https://www.fencewizards.com/service-area/anderson/,Find us on Google Maps,https://www.google.com/maps/search/?api=1&query=Fence+Wizards+Rent+A+Fence+Greenwood+IN
https://www.fencewizards.com/service-area/terre-haute/,★★★★★ 4.6 from 39 Google reviews,https://share.google/i9AcVkwA7IiM7xEJh
https://www.fencewizards.com/service-area/terre-haute/,4.6 from 39 Google reviews,https://share.google/i9AcVkwA7IiM7xEJh
https://www.fencewizards.com/service-area/terre-haute/,terrehaute.in.gov,https://www.terrehaute.in.gov/
https://www.fencewizards.com/service-area/terre-haute/,draw the fence on a map,https://fencewizards.mybudgetquote.com/budget
https://www.fencewizards.com/service-area/terre-haute/,Find us on Google Maps,https://www.google.com/maps/search/?api=1&query=Fence+Wizards+Rent+A+Fence+Greenwood+IN
https://www.fencewizards.com/service-area/richmond/,★★★★★ 4.6 from 39 Google reviews,https://share.google/i9AcVkwA7IiM7xEJh
https://www.fencewizards.com/service-area/richmond/,4.6 from 39 Google reviews,https://share.google/i9AcVkwA7IiM7xEJh
https://www.fencewizards.com/service-area/richmond/,richmondindiana.gov,https://www.richmondindiana.gov/
https://www.fencewizards.com/service-area/richmond/,draw the fence on a map,https://fencewizards.mybudgetquote.com/budget
https://www.fencewizards.com/service-area/richmond/,Find us on Google Maps,https://www.google.com/maps/search/?api=1&query=Fence+Wizards+Rent+A+Fence+Greenwood+IN
https://www.fencewizards.com/blog/temporary-fence-panels-for-rent-in-indianapolis-fast-setup-flexible-configuratio-1788192322725/,★★★★★ 4.6 from 39 Google reviews,https://share.google/i9AcVkwA7IiM7xEJh
https://www.fencewizards.com/blog/temporary-fence-panels-for-rent-in-indianapolis-fast-setup-flexible-configuratio-1788192322725/,4.6 from 39 Google reviews,https://share.google/i9AcVkwA7IiM7xEJh
https://www.fencewizards.com/blog/temporary-fence-panels-for-rent-in-indianapolis-fast-setup-flexible-configuratio-1788192322725/,Find us on Google Maps,https://www.google.com/maps/search/?api=1&query=Fence+Wizards+Rent+A+Fence+Greenwood+IN
https://www.fencewizards.com/blog/how-much-does-temporary-fence-rental-cost/,★★★★★ 4.6 from 39 Google reviews,https://share.google/i9AcVkwA7IiM7xEJh
https://www.fencewizards.com/blog/how-much-does-temporary-fence-rental-cost/,4.6 from 39 Google reviews,https://share.google/i9AcVkwA7IiM7xEJh
https://www.fencewizards.com/blog/how-much-does-temporary-fence-rental-cost/,Find us on Google Maps,https://www.google.com/maps/search/?api=1&query=Fence+Wizards+Rent+A+Fence+Greenwood+IN
https://www.fencewizards.com/blog/post-driven-chain-link-fence-rental-flood-repair-public-works-hamilton-marion-county/,★★★★★ 4.6 from 39 Google reviews,https://share.google/i9AcVkwA7IiM7xEJh
https://www.fencewizards.com/blog/post-driven-chain-link-fence-rental-flood-repair-public-works-hamilton-marion-county/,4.6 from 39 Google reviews,https://share.google/i9AcVkwA7IiM7xEJh
https://www.fencewizards.com/blog/post-driven-chain-link-fence-rental-flood-repair-public-works-hamilton-marion-county/,Find us on Google Maps,https://www.google.com/maps/search/?api=1&query=Fence+Wizards+Rent+A+Fence+Greenwood+IN
https://www.fencewizards.com/blog/printed-windscreen-for-construction-fence-indianapolis-branding-privacy-dust-control/,★★★★★ 4.6 from 39 Google reviews,https://share.google/i9AcVkwA7IiM7xEJh
https://www.fencewizards.com/blog/printed-windscreen-for-construction-fence-indianapolis-branding-privacy-dust-control/,4.6 from 39 Google reviews,https://share.google/i9AcVkwA7IiM7xEJh
https://www.fencewizards.com/blog/printed-windscreen-for-construction-fence-indianapolis-branding-privacy-dust-control/,Find us on Google Maps,https://www.google.com/maps/search/?api=1&query=Fence+Wizards+Rent+A+Fence+Greenwood+IN
https://www.fencewizards.com/blog/emergency-fence-rental-indiana-same-week-perimeter-fencing-after-storms-fires-and-break-ins/,★★★★★ 4.6 from 39 Google reviews,https://share.google/i9AcVkwA7IiM7xEJh
https://www.fencewizards.com/blog/emergency-fence-rental-indiana-same-week-perimeter-fencing-after-storms-fires-and-break-ins/,4.6 from 39 Google reviews,https://share.google/i9AcVkwA7IiM7xEJh
https://www.fencewizards.com/blog/emergency-fence-rental-indiana-same-week-perimeter-fencing-after-storms-fires-and-break-ins/,construction resources,https://www.osha.gov/etools/construction
https://www.fencewizards.com/blog/emergency-fence-rental-indiana-same-week-perimeter-fencing-after-storms-fires-and-break-ins/,Find us on Google Maps,https://www.google.com/maps/search/?api=1&query=Fence+Wizards+Rent+A+Fence+Greenwood+IN
