url,status,page_type,title,h1,meta_description,canonical,word_count,images,videos_embeds,in_sitemap,priority,lastmod,changefreq,final_url,content_type,error
https://www.fencewizards.com/,200,Home,Temporary Fence Rental Indianapolis | Fence Wizards Rent A Fence,Temporary fence rental in Indianapolis On site in 24 to 48 hours,"Temporary fence rental across Indianapolis and 80 miles around downtown. Panels, chain link, windscreen and barricades. Flat fee, on site in 24 to 48 hours.",https://www.fencewizards.com/,1134,43,6,yes,1.0,,,https://www.fencewizards.com/,text/html; charset=utf-8,
https://www.fencewizards.com/about/,200,Company/information page,"About Fence Wizards | Family Run Temporary Fence Rental, Greenwood IN",A family that has been fencing for three generations,"Family run temporary fence rental in Greenwood, Indiana. Third generation fencers, fully insured, covering the Indianapolis metro and 80 miles out.",https://www.fencewizards.com/about/,699,27,2,yes,0.9,,,https://www.fencewizards.com/about/,text/html; charset=utf-8,
https://www.fencewizards.com/blog/,200,Blog index,"Field notes | Temporary fence rental, Indianapolis | Fence Wizards",Field notes from the fence line,"Practical notes on temporary fence rental in Indianapolis: how a rental runs, what to have ready, and what we see on real job sites.",https://www.fencewizards.com/blog/,324,3,0,yes,0.9,,,https://www.fencewizards.com/blog/,text/html; charset=utf-8,
https://www.fencewizards.com/construction-fencing/,200,Use-case page,Construction Site Fence Rental in Indianapolis | Fence Wizards,Construction site fence rental in Indianapolis,"Construction site fence rental across Indianapolis and central Indiana. Panels, chain link, gates and windscreen, moved the same day the plan changes. Flat fee.",https://www.fencewizards.com/construction-fencing/,997,23,4,yes,0.9,,,https://www.fencewizards.com/construction-fencing/,text/html; charset=utf-8,
https://www.fencewizards.com/contact/,200,Company/information page,Contact Fence Wizards | Temporary Fence Rental Greenwood IN,Talk to Richard,"Call (317) 296-4015. Fence Wizards rents temporary fencing, windscreen and crowd control barricades across Indianapolis and 80 miles around downtown.",https://www.fencewizards.com/contact/,723,19,1,yes,0.9,,,https://www.fencewizards.com/contact/,text/html; charset=utf-8,
https://www.fencewizards.com/emergency-fencing/,200,Use-case page,Emergency and Restoration Fence Rental Indiana | Fence Wizards,Emergency and restoration fence rental across central Indiana,"Emergency fence rental after a tornado, fire or structural loss, across central Indiana. Built for restoration contractors who need a perimeter today.",https://www.fencewizards.com/emergency-fencing/,893,23,4,yes,0.9,,,https://www.fencewizards.com/emergency-fencing/,text/html; charset=utf-8,
https://www.fencewizards.com/event-fencing/,200,Use-case page,Event Fence and Barricade Rental Indianapolis | Fence Wizards,Event fencing and crowd control barricades in Indianapolis,"Event fencing and crowd control barricades across Indianapolis. Set to your run of show, struck when the event ends. Flat fee, removal included.",https://www.fencewizards.com/event-fencing/,941,27,2,yes,0.9,,,https://www.fencewizards.com/event-fencing/,text/html; charset=utf-8,
https://www.fencewizards.com/faq/,200,Company/information page,Temporary Fence Rental Questions | Fence Wizards Indianapolis,Temporary fence rental questions,"Lead times, eight foot fencing, payment terms, service area and what the flat fee covers. Temporary fence answers from Fence Wizards, Greenwood, Indiana.",https://www.fencewizards.com/faq/,1599,19,0,yes,0.9,,,https://www.fencewizards.com/faq/,text/html; charset=utf-8,
https://www.fencewizards.com/pricing/,200,Company/information page,Temporary Fence Rental Pricing Indianapolis | Fence Wizards,"Temporary fence rental pricing, flat fee with no rent clock","How Fence Wizards prices temporary fence rental in Indianapolis. One flat fee, up to twelve months, removal included, and no rent clock.",https://www.fencewizards.com/pricing/,1051,27,0,yes,0.9,,,https://www.fencewizards.com/pricing/,text/html; charset=utf-8,
https://www.fencewizards.com/service-area/,200,Service-area index,Temporary Fence Rental Service Area | Indianapolis and Central Indiana,Temporary fence rental across the Indianapolis metro,"Fence Wizards covers the Indianapolis metro and 80 miles around downtown from a yard in Greenwood, Indiana. Nineteen towns named.",https://www.fencewizards.com/service-area/,842,19,3,yes,0.9,,,https://www.fencewizards.com/service-area/,text/html; charset=utf-8,
https://www.fencewizards.com/blog/emergency-fence-rental-indiana-same-week-perimeter-fencing-after-storms-fires-and-break-ins/,200,Blog article,"Emergency Fence Rental in Indiana: Same Week Perimeter Fencing After Storms, Fires and Break-Ins | Fence Wizards","Emergency Fence Rental in Indiana: Same Week Perimeter Fencing After Storms, Fires and Break-Ins","When a storm, fire, vehicle strike or break-in leaves a property open, Fence Wizards installs temporary fence panels or post-driven chain link fast across Indianapolis and Indiana. What to expect and how to book.",https://www.fencewizards.com/blog/emergency-fence-rental-indiana-same-week-perimeter-fencing-after-storms-fires-and-break-ins/,947,3,0,yes,0.6,2026-09-21,monthly,https://www.fencewizards.com/blog/emergency-fence-rental-indiana-same-week-perimeter-fencing-after-storms-fires-and-break-ins/,text/html; charset=utf-8,
https://www.fencewizards.com/blog/how-a-temporary-fence-rental-works/,200,Blog article,"How a temporary fence rental works in Indianapolis, from first call to pickup | Fence Wizards","How a temporary fence rental works in Indianapolis, from first call to pickup","What actually happens between your call and the fence coming down: the five things we need to quote, how install day runs, and what a flat fee covers.",https://www.fencewizards.com/blog/how-a-temporary-fence-rental-works/,622,3,0,yes,0.7,,,https://www.fencewizards.com/blog/how-a-temporary-fence-rental-works/,text/html; charset=utf-8,
https://www.fencewizards.com/blog/how-much-does-temporary-fence-rental-cost/,200,Blog article,How Much Does Temporary Fence Rental Cost? A Real Buyer's Guide from Fence Wizards | Fence Wizards,How Much Does Temporary Fence Rental Cost? A Real Buyer's Guide from Fence Wizards,"Learn what temporary fence rental actually costs, what drives the price, and how Fence Wizards prices jobs with flat fees and no hidden charges in Greenwood, IN",https://www.fencewizards.com/blog/how-much-does-temporary-fence-rental-cost/,1337,3,0,yes,0.6,2026-09-08,monthly,https://www.fencewizards.com/blog/how-much-does-temporary-fence-rental-cost/,text/html; charset=utf-8,
https://www.fencewizards.com/blog/post-driven-chain-link-fence-rental-flood-repair-public-works-hamilton-marion-county/,200,Blog article,Post-Driven Chain Link Fence Rental for Flood Repair and Public Works Sites in Hamilton and Marion County | Fence Wizards,Post-Driven Chain Link Fence Rental for Flood Repair and Public Works Sites in Hamilton and Marion County,"Why flood repair and public works sites in Hamilton and Marion County call for post-driven chain link fence rental, how it compares to panels, and how fast it goes in.",https://www.fencewizards.com/blog/post-driven-chain-link-fence-rental-flood-repair-public-works-hamilton-marion-county/,821,3,0,yes,0.6,2026-09-08,monthly,https://www.fencewizards.com/blog/post-driven-chain-link-fence-rental-flood-repair-public-works-hamilton-marion-county/,text/html; charset=utf-8,
https://www.fencewizards.com/blog/printed-windscreen-for-construction-fence-indianapolis-branding-privacy-dust-control/,200,Blog article,"Printed Windscreen for Construction Fence in Indianapolis: Branding, Privacy and Dust Control on One Panel | Fence Wizards","Printed Windscreen for Construction Fence in Indianapolis: Branding, Privacy and Dust Control on One Panel","How printed windscreen works on temporary construction fence in Indianapolis: what it does for privacy, dust and site security, how the print is produced and attached, what wind load means for the fence, and how to order it with a fence rental from Fence Wizards.",https://www.fencewizards.com/blog/printed-windscreen-for-construction-fence-indianapolis-branding-privacy-dust-control/,1042,3,0,yes,0.6,2026-09-14,monthly,https://www.fencewizards.com/blog/printed-windscreen-for-construction-fence-indianapolis-branding-privacy-dust-control/,text/html; charset=utf-8,
https://www.fencewizards.com/blog/temporary-fence-panels-for-rent-in-indianapolis-fast-setup-flexible-configuratio-1788192322725/,200,Blog article,"Temporary Fence Panels for Rent in Indianapolis: Fast Setup, Flexible Configuration | Fence Wizards","Temporary Fence Panels for Rent in Indianapolis: Fast Setup, Flexible Configuration",What Are Temporary Fence Panels?,https://www.fencewizards.com/blog/temporary-fence-panels-for-rent-in-indianapolis-fast-setup-flexible-configuratio-1788192322725/,777,3,0,yes,0.6,2026-09-01,monthly,https://www.fencewizards.com/blog/temporary-fence-panels-for-rent-in-indianapolis-fast-setup-flexible-configuratio-1788192322725/,text/html; charset=utf-8,
https://www.fencewizards.com/fence/barricades/,200,Fence-type page,Crowd Control Barricade Rental Indianapolis | Fence Wizards,Crowd control barricade rental,"Interlocking steel crowd control barricade rental across Indianapolis. Queue lines, stage fronts, bars and corporate events, set to your run of show.",https://www.fencewizards.com/fence/barricades/,784,35,0,yes,0.7,,,https://www.fencewizards.com/fence/barricades/,text/html; charset=utf-8,
https://www.fencewizards.com/fence/panels-and-stands/,200,Fence-type page,Temporary Fence Panels and Stands Rental Indianapolis | Fence Wizards,Temporary fence panels and stands,"Six and eight foot temporary fence panels on sandbagged stands, rented across Indianapolis. Fast to set, easy to move as the site changes. Flat fee.",https://www.fencewizards.com/fence/panels-and-stands/,855,31,2,yes,0.7,,,https://www.fencewizards.com/fence/panels-and-stands/,text/html; charset=utf-8,
https://www.fencewizards.com/fence/post-driven-chain-link/,200,Fence-type page,Post Driven Temporary Chain Link Fence Rental Indianapolis | Fence Wizards,Post driven temporary chain link fence,"Post driven temporary chain link fence rental across Indianapolis. Driven in, so it does not lift, slide or get walked through. Six and eight foot, flat fee.",https://www.fencewizards.com/fence/post-driven-chain-link/,855,35,0,yes,0.7,,,https://www.fencewizards.com/fence/post-driven-chain-link/,text/html; charset=utf-8,
https://www.fencewizards.com/fence/windscreen/,200,Fence-type page,Construction Windscreen and Printed Fence Screen Indianapolis | Fence Wizards,Construction windscreen and printed fence screen,"Windscreen for temporary fence across Indianapolis. Privacy and dust control, plain or printed with your own graphics. Sold rather than rented.",https://www.fencewizards.com/fence/windscreen/,806,35,0,yes,0.7,,,https://www.fencewizards.com/fence/windscreen/,text/html; charset=utf-8,
https://www.fencewizards.com/service-area/anderson/,200,Location page,"Temporary Fence Rental in Anderson, IN | Fence Wizards",Temporary fence rental in Anderson,"Temporary fence rental in Anderson, Indiana. Panels, chain link, windscreen and barricades on a flat fee. On site in 24 to 48 hours.",https://www.fencewizards.com/service-area/anderson/,675,27,0,yes,0.7,,,https://www.fencewizards.com/service-area/anderson/,text/html; charset=utf-8,
https://www.fencewizards.com/service-area/avon/,200,Location page,"Temporary Fence Rental in Avon, IN | Fence Wizards",Temporary fence rental in Avon,"Temporary fence rental in Avon, Indiana. Panels, chain link, windscreen and barricades on a flat fee. On site in 24 to 48 hours.",https://www.fencewizards.com/service-area/avon/,753,27,0,yes,0.7,,,https://www.fencewizards.com/service-area/avon/,text/html; charset=utf-8,
https://www.fencewizards.com/service-area/bloomington/,200,Location page,"Temporary Fence Rental in Bloomington, IN | Fence Wizards",Temporary fence rental in Bloomington,"Temporary fence rental in Bloomington, Indiana. Panels, chain link, windscreen and barricades on a flat fee. On site in 24 to 48 hours.",https://www.fencewizards.com/service-area/bloomington/,783,27,0,yes,0.7,,,https://www.fencewizards.com/service-area/bloomington/,text/html; charset=utf-8,
https://www.fencewizards.com/service-area/brownsburg/,200,Location page,"Temporary Fence Rental in Brownsburg, IN | Fence Wizards",Temporary fence rental in Brownsburg,"Temporary fence rental in Brownsburg, Indiana. Panels, chain link, windscreen and barricades on a flat fee. On site in 24 to 48 hours.",https://www.fencewizards.com/service-area/brownsburg/,708,27,0,yes,0.7,,,https://www.fencewizards.com/service-area/brownsburg/,text/html; charset=utf-8,
https://www.fencewizards.com/service-area/carmel/,200,Location page,"Temporary Fence Rental in Carmel, IN | Fence Wizards",Temporary fence rental in Carmel,"Temporary fence rental in Carmel, Indiana. Panels, chain link, windscreen and barricades on a flat fee. On site in 24 to 48 hours.",https://www.fencewizards.com/service-area/carmel/,713,27,0,yes,0.7,,,https://www.fencewizards.com/service-area/carmel/,text/html; charset=utf-8,
https://www.fencewizards.com/service-area/columbus/,200,Location page,"Temporary Fence Rental in Columbus, IN | Fence Wizards",Temporary fence rental in Columbus,"Temporary fence rental in Columbus, Indiana. Panels, chain link, windscreen and barricades on a flat fee. On site in 24 to 48 hours.",https://www.fencewizards.com/service-area/columbus/,738,27,0,yes,0.7,,,https://www.fencewizards.com/service-area/columbus/,text/html; charset=utf-8,
https://www.fencewizards.com/service-area/fishers/,200,Location page,"Temporary Fence Rental in Fishers, IN | Fence Wizards",Temporary fence rental in Fishers,"Temporary fence rental in Fishers, Indiana. Panels, chain link, windscreen and barricades on a flat fee. On site in 24 to 48 hours.",https://www.fencewizards.com/service-area/fishers/,781,27,0,yes,0.7,,,https://www.fencewizards.com/service-area/fishers/,text/html; charset=utf-8,
https://www.fencewizards.com/service-area/franklin/,200,Location page,"Temporary Fence Rental in Franklin, IN | Fence Wizards",Temporary fence rental in Franklin,"Temporary fence rental in Franklin, Indiana. Panels, chain link, windscreen and barricades on a flat fee. On site in 24 to 48 hours.",https://www.fencewizards.com/service-area/franklin/,717,27,0,yes,0.7,,,https://www.fencewizards.com/service-area/franklin/,text/html; charset=utf-8,
https://www.fencewizards.com/service-area/greenwood/,200,Location page,"Temporary Fence Rental in Greenwood, IN | Fence Wizards",Temporary fence rental in Greenwood,"Temporary fence rental in Greenwood, Indiana. Panels, chain link, windscreen and barricades on a flat fee. On site in 24 to 48 hours.",https://www.fencewizards.com/service-area/greenwood/,706,27,0,yes,0.7,,,https://www.fencewizards.com/service-area/greenwood/,text/html; charset=utf-8,
https://www.fencewizards.com/service-area/indianapolis/,200,Location page,"Temporary Fence Rental in Indianapolis, IN | Fence Wizards",Temporary fence rental in Indianapolis,"Temporary fence rental in Indianapolis, Indiana. Panels, chain link, windscreen and barricades on a flat fee. On site in 24 to 48 hours.",https://www.fencewizards.com/service-area/indianapolis/,745,27,0,yes,0.7,,,https://www.fencewizards.com/service-area/indianapolis/,text/html; charset=utf-8,
https://www.fencewizards.com/service-area/lafayette/,200,Location page,"Temporary Fence Rental in Lafayette, IN | Fence Wizards",Temporary fence rental in Lafayette,"Temporary fence rental in Lafayette, Indiana. Panels, chain link, windscreen and barricades on a flat fee. On site in 24 to 48 hours.",https://www.fencewizards.com/service-area/lafayette/,693,27,0,yes,0.7,,,https://www.fencewizards.com/service-area/lafayette/,text/html; charset=utf-8,
https://www.fencewizards.com/service-area/muncie/,200,Location page,"Temporary Fence Rental in Muncie, IN | Fence Wizards",Temporary fence rental in Muncie,"Temporary fence rental in Muncie, Indiana. Panels, chain link, windscreen and barricades on a flat fee. On site in 24 to 48 hours.",https://www.fencewizards.com/service-area/muncie/,764,27,0,yes,0.7,,,https://www.fencewizards.com/service-area/muncie/,text/html; charset=utf-8,
https://www.fencewizards.com/service-area/noblesville/,200,Location page,"Temporary Fence Rental in Noblesville, IN | Fence Wizards",Temporary fence rental in Noblesville,"Temporary fence rental in Noblesville, Indiana. Panels, chain link, windscreen and barricades on a flat fee. On site in 24 to 48 hours.",https://www.fencewizards.com/service-area/noblesville/,754,27,0,yes,0.7,,,https://www.fencewizards.com/service-area/noblesville/,text/html; charset=utf-8,
https://www.fencewizards.com/service-area/plainfield/,200,Location page,"Temporary Fence Rental in Plainfield, IN | Fence Wizards",Temporary fence rental in Plainfield,"Temporary fence rental in Plainfield, Indiana. Panels, chain link, windscreen and barricades on a flat fee. On site in 24 to 48 hours.",https://www.fencewizards.com/service-area/plainfield/,728,27,0,yes,0.7,,,https://www.fencewizards.com/service-area/plainfield/,text/html; charset=utf-8,
https://www.fencewizards.com/service-area/richmond/,200,Location page,"Temporary Fence Rental in Richmond, IN | Fence Wizards",Temporary fence rental in Richmond,"Temporary fence rental in Richmond, Indiana. Panels, chain link, windscreen and barricades on a flat fee. On site in 24 to 48 hours.",https://www.fencewizards.com/service-area/richmond/,697,27,0,yes,0.7,,,https://www.fencewizards.com/service-area/richmond/,text/html; charset=utf-8,
https://www.fencewizards.com/service-area/speedway/,200,Location page,"Temporary Fence Rental in Speedway, IN | Fence Wizards",Temporary fence rental in Speedway,"Temporary fence rental in Speedway, Indiana. Panels, chain link, windscreen and barricades on a flat fee. On site in 24 to 48 hours.",https://www.fencewizards.com/service-area/speedway/,741,27,0,yes,0.7,,,https://www.fencewizards.com/service-area/speedway/,text/html; charset=utf-8,
https://www.fencewizards.com/service-area/terre-haute/,200,Location page,"Temporary Fence Rental in Terre Haute, IN | Fence Wizards",Temporary fence rental in Terre Haute,"Temporary fence rental in Terre Haute, Indiana. Panels, chain link, windscreen and barricades on a flat fee. On site in 24 to 48 hours.",https://www.fencewizards.com/service-area/terre-haute/,713,27,0,yes,0.7,,,https://www.fencewizards.com/service-area/terre-haute/,text/html; charset=utf-8,
https://www.fencewizards.com/service-area/westfield/,200,Location page,"Temporary Fence Rental in Westfield, IN | Fence Wizards",Temporary fence rental in Westfield,"Temporary fence rental in Westfield, Indiana. Panels, chain link, windscreen and barricades on a flat fee. On site in 24 to 48 hours.",https://www.fencewizards.com/service-area/westfield/,737,27,0,yes,0.7,,,https://www.fencewizards.com/service-area/westfield/,text/html; charset=utf-8,
https://www.fencewizards.com/service-area/zionsville/,200,Location page,"Temporary Fence Rental in Zionsville, IN | Fence Wizards",Temporary fence rental in Zionsville,"Temporary fence rental in Zionsville, Indiana. Panels, chain link, windscreen and barricades on a flat fee. On site in 24 to 48 hours.",https://www.fencewizards.com/service-area/zionsville/,743,27,0,yes,0.7,,,https://www.fencewizards.com/service-area/zionsville/,text/html; charset=utf-8,
